iter	MultiRMSE
0	27069.61228
1	26392.38479
2	25778.03063
3	25197.79539
4	24667.80022
5	24176.54792
6	23719.23021
7	23293.48844
8	22877.50606
9	22494.28807
