iter	MultiRMSE
0	26947.86192
1	26162.29275
2	25439.84159
3	24773.07911
4	24138.36129
5	23556.58883
6	22991.27667
7	22465.73023
8	21987.00355
9	21540.72835
